-- phpMyAdmin SQL Dump
-- version 4.3.9
-- http://www.phpmyadmin.net
--
-- Хост: localhost
-- Время создания: Июн 24 2015 г., 10:23
-- Версия сервера: 5.6.23
-- Версия PHP: 5.3.29

SET SQL_MODE = "NO_AUTO_VALUE_ON_ZERO";
SET time_zone = "+00:00";


/*!40101 SET @OLD_CHARACTER_SET_CLIENT=@@CHARACTER_SET_CLIENT */;
/*!40101 SET @OLD_CHARACTER_SET_RESULTS=@@CHARACTER_SET_RESULTS */;
/*!40101 SET @OLD_COLLATION_CONNECTION=@@COLLATION_CONNECTION */;
/*!40101 SET NAMES utf8 */;

--
-- База данных: `lesson_corp`
--

-- --------------------------------------------------------

--
-- Структура таблицы `brands`
--

CREATE TABLE IF NOT EXISTS `brands` (
  `brand_id` int(2) unsigned NOT NULL,
  `brand_name` varchar(255) NOT NULL,
  `parrent_id` int(3) unsigned NOT NULL DEFAULT '0'
) ENGINE=InnoDB AUTO_INCREMENT=13 DEFAULT CHARSET=utf8;

--
-- Дамп данных таблицы `brands`
--

INSERT INTO `brands` (`brand_id`, `brand_name`, `parrent_id`) VALUES
(1, 'Արմ-Շին', 0),
(2, 'Հաշվիչներ', 1),
(3, 'Խողովակներ', 1),
(4, 'Ճնշաչափեր', 1),
(5, 'Նոր Տուն', 0),
(6, 'Հաշվիչներ', 5),
(7, 'Խողովակներ', 5),
(8, 'Ճնշաչափեր', 5),
(9, 'Իդեալ Համակարգ', 0),
(10, 'Հաշվիչներ', 9),
(11, 'Խողովակներ', 9),
(12, 'Ճնշաչափեր', 9);

-- --------------------------------------------------------

--
-- Структура таблицы `fealtures`
--

CREATE TABLE IF NOT EXISTS `fealtures` (
  `fealtures_id` int(6) unsigned NOT NULL,
  `fealtures_count` int(10) unsigned NOT NULL,
  `fealtures_ip` varchar(255) NOT NULL,
  `fealtures_time` int(10) unsigned NOT NULL
) ENGINE=InnoDB DEFAULT CHARSET=utf8;

-- --------------------------------------------------------

--
-- Структура таблицы `news`
--

CREATE TABLE IF NOT EXISTS `news` (
  `news_id` int(6) unsigned NOT NULL,
  `news_title` varchar(255) NOT NULL,
  `news_anons` text NOT NULL,
  `news_content` text NOT NULL,
  `news_date` int(11) NOT NULL,
  `meta_k` varchar(255) NOT NULL,
  `meta_d` varchar(255) NOT NULL
) ENGINE=InnoDB AUTO_INCREMENT=5 DEFAULT CHARSET=utf8;

--
-- Дамп данных таблицы `news`
--

INSERT INTO `news` (`news_id`, `news_title`, `news_anons`, `news_content`, `news_date`, `meta_k`, `meta_d`) VALUES
(1, 'Նորություն №1', 'Lorem Ipsum-ը տպագրության և տպագրական արդյունաբերության համար նախատեսված մոդելային տեքստ է:', 'Lorem Ipsum-ը տպագրության և տպագրական արդյունաբերության համար նախատեսված մոդելային տեքստ է: Սկսած 1500-ականներից` Lorem Ipsum-ը հանդիսացել է տպագրական արդյունաբերության ստանդարտ մոդելային տեքստ, ինչը մի անհայտ տպագրիչի կողմից տարբեր տառատեսակների օրինակների գիրք ստեղծելու ջանքերի արդյունք է: Այս տեքստը ոչ միայն կարողացել է գոյատևել հինգ դարաշրջան, այլև ներառվել է էլեկտրոնային տպագրության մեջ` մնալով էապես անփոփոխ: Այն հայտնի է դարձել 1960-ականներին Lorem Ipsum բովանդակող Letraset էջերի թողարկման արդյունքում, իսկ ավելի ուշ համակարգչային տպագրության այնպիսի ծրագրերի թողարկման հետևանքով, ինչպիսին է Aldus PageMaker-ը, որը ներառում է Lorem Ipsum-ի տարատեսակներ:', 963543875, 'Նորություն №1', 'Նորություն №1'),
(2, 'Նորություն №2', 'Lorem Ipsum-ը տպագրության և տպագրական արդյունաբերության համար նախատեսված մոդելային տեքստ է:', 'Lorem Ipsum-ը տպագրության և տպագրական արդյունաբերության համար նախատեսված մոդելային տեքստ է: Սկսած 1500-ականներից` Lorem Ipsum-ը հանդիսացել է տպագրական արդյունաբերության ստանդարտ մոդելային տեքստ, ինչը մի անհայտ տպագրիչի կողմից տարբեր տառատեսակների օրինակների գիրք ստեղծելու ջանքերի արդյունք է: Այս տեքստը ոչ միայն կարողացել է գոյատևել հինգ դարաշրջան, այլև ներառվել է էլեկտրոնային տպագրության մեջ` մնալով էապես անփոփոխ: Այն հայտնի է դարձել 1960-ականներին Lorem Ipsum բովանդակող Letraset էջերի թողարկման արդյունքում, իսկ ավելի ուշ համակարգչային տպագրության այնպիսի ծրագրերի թողարկման հետևանքով, ինչպիսին է Aldus PageMaker-ը, որը ներառում է Lorem Ipsum-ի տարատեսակներ:', 1163543875, 'Նորություն №2', 'Նորություն №2'),
(3, 'Նորություն №3', 'Lorem Ipsum-ը տպագրության և տպագրական արդյունաբերության համար նախատեսված մոդելային տեքստ է:', 'Lorem Ipsum-ը տպագրության և տպագրական արդյունաբերության համար նախատեսված մոդելային տեքստ է: Սկսած 1500-ականներից` Lorem Ipsum-ը հանդիսացել է տպագրական արդյունաբերության ստանդարտ մոդելային տեքստ, ինչը մի անհայտ տպագրիչի կողմից տարբեր տառատեսակների օրինակների գիրք ստեղծելու ջանքերի արդյունք է: Այս տեքստը ոչ միայն կարողացել է գոյատևել հինգ դարաշրջան, այլև ներառվել է էլեկտրոնային տպագրության մեջ` մնալով էապես անփոփոխ: Այն հայտնի է դարձել 1960-ականներին Lorem Ipsum բովանդակող Letraset էջերի թողարկման արդյունքում, իսկ ավելի ուշ համակարգչային տպագրության այնպիսի ծրագրերի թողարկման հետևանքով, ինչպիսին է Aldus PageMaker-ը, որը ներառում է Lorem Ipsum-ի տարատեսակներ:', 1463543875, 'Նորություն №3', 'Նորություն №3'),
(4, 'Նորություն №4', 'Lorem Ipsum-ը տպագրության և տպագրական արդյունաբերության համար նախատեսված մոդելային տեքստ է:', 'Lorem Ipsum-ը տպագրության և տպագրական արդյունաբերության համար նախատեսված մոդելային տեքստ է: Սկսած 1500-ականներից` Lorem Ipsum-ը հանդիսացել է տպագրական արդյունաբերության ստանդարտ մոդելային տեքստ, ինչը մի անհայտ տպագրիչի կողմից տարբեր տառատեսակների օրինակների գիրք ստեղծելու ջանքերի արդյունք է: Այս տեքստը ոչ միայն կարողացել է գոյատևել հինգ դարաշրջան, այլև ներառվել է էլեկտրոնային տպագրության մեջ` մնալով էապես անփոփոխ: Այն հայտնի է դարձել 1960-ականներին Lorem Ipsum բովանդակող Letraset էջերի թողարկման արդյունքում, իսկ ավելի ուշ համակարգչային տպագրության այնպիսի ծրագրերի թողարկման հետևանքով, ինչպիսին է Aldus PageMaker-ը, որը ներառում է Lorem Ipsum-ի տարատեսակներ:', 1663543875, 'Նորություն №4', 'Նորություն №4');

-- --------------------------------------------------------

--
-- Структура таблицы `pages`
--

CREATE TABLE IF NOT EXISTS `pages` (
  `page_id` int(3) unsigned NOT NULL,
  `page_title` varchar(255) NOT NULL,
  `meta_k` varchar(255) NOT NULL,
  `meta_d` varchar(255) NOT NULL,
  `page_position` int(2) unsigned NOT NULL,
  `page_content` text NOT NULL,
  `page_type` enum('post','home','contact') NOT NULL DEFAULT 'post'
) ENGINE=InnoDB AUTO_INCREMENT=4 DEFAULT CHARSET=utf8;

--
-- Дамп данных таблицы `pages`
--

INSERT INTO `pages` (`page_id`, `page_title`, `meta_k`, `meta_d`, `page_position`, `page_content`, `page_type`) VALUES
(1, 'Գլխավոր', 'Արմ-Շին', 'Արմ-Շին | Ամեն ինչ տան համար', 1, '<p>Lorem Ipsum-ը տպագրության և տպագրական արդյունաբերության համար նախատեսված մոդելային տեքստ է:</p>\r\n\r\n<p>Սկսած 1500-ականներից` Lorem Ipsum-ը հանդիսացել է տպագրական արդյունաբերության ստանդարտ մոդելային տեքստ, ինչը մի անհայտ տպագրիչի կողմից տարբեր տառատեսակների օրինակների գիրք ստեղծելու ջանքերի արդյունք է:</p>\r\n\r\nԱյս տեքստը ոչ միայն կարողացել է գոյատևել հինգ դարաշրջան, այլև ներառվել է էլեկտրոնային տպագրության մեջ` մնալով էապես անփոփոխ:\r\n\r\n<p>Այն հայտնի է դարձել 1960-ականներին Lorem Ipsum բովանդակող Letraset էջերի թողարկման արդյունքում, իսկ ավելի ուշ համակարգչային տպագրության այնպիսի ծրագրերի թողարկման հետևանքով, ինչպիսին է Aldus PageMaker-ը, որը ներառում է Lorem Ipsum-ի տարատեսակներ:</p>', 'home'),
(2, 'Մեր Մասին', 'Մեր Մասին', 'Մեր Մասին | Արմ-Շին', 2, 'Lorem Ipsum-ը տպագրության և տպագրական արդյունաբերության համար նախատեսված մոդելային տեքստ է:\r\n\r\nՍկսած 1500-ականներից` Lorem Ipsum-ը հանդիսացել է տպագրական արդյունաբերության ստանդարտ մոդելային տեքստ, ինչը մի անհայտ տպագրիչի կողմից տարբեր տառատեսակների օրինակների գիրք ստեղծելու ջանքերի արդյունք է:\r\n\r\nԱյս տեքստը ոչ միայն կարողացել է գոյատևել հինգ դարաշրջան, այլև ներառվել է էլեկտրոնային տպագրության մեջ` մնալով էապես անփոփոխ:\r\n\r\nԱյն հայտնի է դարձել 1960-ականներին Lorem Ipsum բովանդակող Letraset էջերի թողարկման արդյունքում, իսկ ավելի ուշ համակարգչային տպագրության այնպիսի ծրագրերի թողարկման հետևանքով, ինչպիսին է Aldus PageMaker-ը, որը ներառում է Lorem Ipsum-ի տարատեսակներ:', 'post'),
(3, 'Հետադարձ Կապ', 'Հետադարձ Կապ', 'Հետադարձ Կապ | Արմ-Շին', 3, 'Lorem Ipsum-ը տպագրության և տպագրական արդյունաբերության համար նախատեսված մոդելային տեքստ է:\r\n\r\nՍկսած 1500-ականներից` Lorem Ipsum-ը հանդիսացել է տպագրական արդյունաբերության ստանդարտ մոդելային տեքստ, ինչը մի անհայտ տպագրիչի կողմից տարբեր տառատեսակների օրինակների գիրք ստեղծելու ջանքերի արդյունք է:\r\n\r\nԱյս տեքստը ոչ միայն կարողացել է գոյատևել հինգ դարաշրջան, այլև ներառվել է էլեկտրոնային տպագրության մեջ` մնալով էապես անփոփոխ:\r\n\r\nԱյն հայտնի է դարձել 1960-ականներին Lorem Ipsum բովանդակող Letraset էջերի թողարկման արդյունքում, իսկ ավելի ուշ համակարգչային տպագրության այնպիսի ծրագրերի թողարկման հետևանքով, ինչպիսին է Aldus PageMaker-ը, որը ներառում է Lorem Ipsum-ի տարատեսակներ:', 'contact');

-- --------------------------------------------------------

--
-- Структура таблицы `products`
--

CREATE TABLE IF NOT EXISTS `products` (
  `product_id` int(5) unsigned NOT NULL,
  `product_title` varchar(255) NOT NULL,
  `meta_k` varchar(255) NOT NULL,
  `meta_d` varchar(255) NOT NULL,
  `product_img` varchar(255) NOT NULL,
  `product_anons` text NOT NULL,
  `product_content` text NOT NULL,
  `brand_id` tinyint(3) unsigned NOT NULL,
  `type_id` tinyint(3) unsigned NOT NULL,
  `product_price` int(5) NOT NULL,
  `public` enum('0','1') NOT NULL DEFAULT '1'
) ENGINE=InnoDB AUTO_INCREMENT=55 DEFAULT CHARSET=utf8;

--
-- Дамп данных таблицы `products`
--

INSERT INTO `products` (`product_id`, `product_title`, `meta_k`, `meta_d`, `product_img`, `product_anons`, `product_content`, `brand_id`, `type_id`, `product_price`, `public`) VALUES
(1, 'Ապրանք №1', 'Ապրանք №1', 'Ապրանք №1', '1.jpg', 'Lorem Ipsum-ը տպագրության և տպագրական արդյունաբերության համար նախատեսված մոդելային տեքստ է: Սկսած 1500-ականներից` Lorem Ipsum-ը հանդիսացել է տպագրական արդյունաբերության ստանդարտ մոդելային տեքստ, ինչը մի անհայտ տպագրիչի կողմից տարբեր տառատեսակների օրինակների գիրք ստեղծելու ջանքերի արդյունք է:', 'Lorem Ipsum-ը տպագրության և տպագրական արդյունաբերության համար նախատեսված մոդելային տեքստ է: Սկսած 1500-ականներից` Lorem Ipsum-ը հանդիսացել է տպագրական արդյունաբերության ստանդարտ մոդելային տեքստ, ինչը մի անհայտ տպագրիչի կողմից տարբեր տառատեսակների օրինակների գիրք ստեղծելու ջանքերի արդյունք է: Այս տեքստը ոչ միայն կարողացել է գոյատևել հինգ դարաշրջան, այլև ներառվել է էլեկտրոնային տպագրության մեջ` մնալով էապես անփոփոխ: Այն հայտնի է դարձել 1960-ականներին Lorem Ipsum բովանդակող Letraset էջերի թողարկման արդյունքում, իսկ ավելի ուշ համակարգչային տպագրության այնպիսի ծրագրերի թողարկման հետևանքով, ինչպիսին է Aldus PageMaker-ը, որը ներառում է Lorem Ipsum-ի տարատեսակներ:', 1, 1, 40000, '1'),
(46, 'Ապրանք №2', 'Ապրանք №2', 'Ապրանք №2', '2.jpg', 'Lorem Ipsum-ը տպագրության և տպագրական արդյունաբերության համար նախատեսված մոդելային տեքստ է: Սկսած 1500-ականներից` Lorem Ipsum-ը հանդիսացել է տպագրական արդյունաբերության ստանդարտ մոդելային տեքստ, ինչը մի անհայտ տպագրիչի կողմից տարբեր տառատեսակների օրինակների գիրք ստեղծելու ջանքերի արդյունք է:', 'Lorem Ipsum-ը տպագրության և տպագրական արդյունաբերության համար նախատեսված մոդելային տեքստ է: Սկսած 1500-ականներից` Lorem Ipsum-ը հանդիսացել է տպագրական արդյունաբերության ստանդարտ մոդելային տեքստ, ինչը մի անհայտ տպագրիչի կողմից տարբեր տառատեսակների օրինակների գիրք ստեղծելու ջանքերի արդյունք է: Այս տեքստը ոչ միայն կարողացել է գոյատևել հինգ դարաշրջան, այլև ներառվել է էլեկտրոնային տպագրության մեջ` մնալով էապես անփոփոխ: Այն հայտնի է դարձել 1960-ականներին Lorem Ipsum բովանդակող Letraset էջերի թողարկման արդյունքում, իսկ ավելի ուշ համակարգչային տպագրության այնպիսի ծրագրերի թողարկման հետևանքով, ինչպիսին է Aldus PageMaker-ը, որը ներառում է Lorem Ipsum-ի տարատեսակներ:', 1, 1, 40000, '1'),
(47, 'Ապրանք №3', 'Ապրանք №3', 'Ապրանք №3', '3.jpg', 'Lorem Ipsum-ը տպագրության և տպագրական արդյունաբերության համար նախատեսված մոդելային տեքստ է: Սկսած 1500-ականներից` Lorem Ipsum-ը հանդիսացել է տպագրական արդյունաբերության ստանդարտ մոդելային տեքստ, ինչը մի անհայտ տպագրիչի կողմից տարբեր տառատեսակների օրինակների գիրք ստեղծելու ջանքերի արդյունք է:', 'Lorem Ipsum-ը տպագրության և տպագրական արդյունաբերության համար նախատեսված մոդելային տեքստ է: Սկսած 1500-ականներից` Lorem Ipsum-ը հանդիսացել է տպագրական արդյունաբերության ստանդարտ մոդելային տեքստ, ինչը մի անհայտ տպագրիչի կողմից տարբեր տառատեսակների օրինակների գիրք ստեղծելու ջանքերի արդյունք է: Այս տեքստը ոչ միայն կարողացել է գոյատևել հինգ դարաշրջան, այլև ներառվել է էլեկտրոնային տպագրության մեջ` մնալով էապես անփոփոխ: Այն հայտնի է դարձել 1960-ականներին Lorem Ipsum բովանդակող Letraset էջերի թողարկման արդյունքում, իսկ ավելի ուշ համակարգչային տպագրության այնպիսի ծրագրերի թողարկման հետևանքով, ինչպիսին է Aldus PageMaker-ը, որը ներառում է Lorem Ipsum-ի տարատեսակներ:', 2, 2, 40000, '1'),
(48, 'Ապրանք №4', 'Ապրանք №4', 'Ապրանք №4', '4.jpg', 'Lorem Ipsum-ը տպագրության և տպագրական արդյունաբերության համար նախատեսված մոդելային տեքստ է: Սկսած 1500-ականներից` Lorem Ipsum-ը հանդիսացել է տպագրական արդյունաբերության ստանդարտ մոդելային տեքստ, ինչը մի անհայտ տպագրիչի կողմից տարբեր տառատեսակների օրինակների գիրք ստեղծելու ջանքերի արդյունք է:', 'Lorem Ipsum-ը տպագրության և տպագրական արդյունաբերության համար նախատեսված մոդելային տեքստ է: Սկսած 1500-ականներից` Lorem Ipsum-ը հանդիսացել է տպագրական արդյունաբերության ստանդարտ մոդելային տեքստ, ինչը մի անհայտ տպագրիչի կողմից տարբեր տառատեսակների օրինակների գիրք ստեղծելու ջանքերի արդյունք է: Այս տեքստը ոչ միայն կարողացել է գոյատևել հինգ դարաշրջան, այլև ներառվել է էլեկտրոնային տպագրության մեջ` մնալով էապես անփոփոխ: Այն հայտնի է դարձել 1960-ականներին Lorem Ipsum բովանդակող Letraset էջերի թողարկման արդյունքում, իսկ ավելի ուշ համակարգչային տպագրության այնպիսի ծրագրերի թողարկման հետևանքով, ինչպիսին է Aldus PageMaker-ը, որը ներառում է Lorem Ipsum-ի տարատեսակներ:', 2, 2, 40000, '1'),
(49, 'Ապրանք №5', 'Ապրանք №5', 'Ապրանք №5', '5.jpg', 'Lorem Ipsum-ը տպագրության և տպագրական արդյունաբերության համար նախատեսված մոդելային տեքստ է: Սկսած 1500-ականներից` Lorem Ipsum-ը հանդիսացել է տպագրական արդյունաբերության ստանդարտ մոդելային տեքստ, ինչը մի անհայտ տպագրիչի կողմից տարբեր տառատեսակների օրինակների գիրք ստեղծելու ջանքերի արդյունք է:', 'Lorem Ipsum-ը տպագրության և տպագրական արդյունաբերության համար նախատեսված մոդելային տեքստ է: Սկսած 1500-ականներից` Lorem Ipsum-ը հանդիսացել է տպագրական արդյունաբերության ստանդարտ մոդելային տեքստ, ինչը մի անհայտ տպագրիչի կողմից տարբեր տառատեսակների օրինակների գիրք ստեղծելու ջանքերի արդյունք է: Այս տեքստը ոչ միայն կարողացել է գոյատևել հինգ դարաշրջան, այլև ներառվել է էլեկտրոնային տպագրության մեջ` մնալով էապես անփոփոխ: Այն հայտնի է դարձել 1960-ականներին Lorem Ipsum բովանդակող Letraset էջերի թողարկման արդյունքում, իսկ ավելի ուշ համակարգչային տպագրության այնպիսի ծրագրերի թողարկման հետևանքով, ինչպիսին է Aldus PageMaker-ը, որը ներառում է Lorem Ipsum-ի տարատեսակներ:', 3, 3, 40000, '1'),
(50, 'Ապրանք №6', 'Ապրանք №6', 'Ապրանք №6', '6.jpg', 'Lorem Ipsum-ը տպագրության և տպագրական արդյունաբերության համար նախատեսված մոդելային տեքստ է: Սկսած 1500-ականներից` Lorem Ipsum-ը հանդիսացել է տպագրական արդյունաբերության ստանդարտ մոդելային տեքստ, ինչը մի անհայտ տպագրիչի կողմից տարբեր տառատեսակների օրինակների գիրք ստեղծելու ջանքերի արդյունք է:', 'Lorem Ipsum-ը տպագրության և տպագրական արդյունաբերության համար նախատեսված մոդելային տեքստ է: Սկսած 1500-ականներից` Lorem Ipsum-ը հանդիսացել է տպագրական արդյունաբերության ստանդարտ մոդելային տեքստ, ինչը մի անհայտ տպագրիչի կողմից տարբեր տառատեսակների օրինակների գիրք ստեղծելու ջանքերի արդյունք է: Այս տեքստը ոչ միայն կարողացել է գոյատևել հինգ դարաշրջան, այլև ներառվել է էլեկտրոնային տպագրության մեջ` մնալով էապես անփոփոխ: Այն հայտնի է դարձել 1960-ականներին Lorem Ipsum բովանդակող Letraset էջերի թողարկման արդյունքում, իսկ ավելի ուշ համակարգչային տպագրության այնպիսի ծրագրերի թողարկման հետևանքով, ինչպիսին է Aldus PageMaker-ը, որը ներառում է Lorem Ipsum-ի տարատեսակներ:', 3, 3, 40000, '1'),
(51, 'Ապրանք №7', 'Ապրանք №7', 'Ապրանք №7', '7.jpg', 'Lorem Ipsum-ը տպագրության և տպագրական արդյունաբերության համար նախատեսված մոդելային տեքստ է: Սկսած 1500-ականներից` Lorem Ipsum-ը հանդիսացել է տպագրական արդյունաբերության ստանդարտ մոդելային տեքստ, ինչը մի անհայտ տպագրիչի կողմից տարբեր տառատեսակների օրինակների գիրք ստեղծելու ջանքերի արդյունք է:', 'Lorem Ipsum-ը տպագրության և տպագրական արդյունաբերության համար նախատեսված մոդելային տեքստ է: Սկսած 1500-ականներից` Lorem Ipsum-ը հանդիսացել է տպագրական արդյունաբերության ստանդարտ մոդելային տեքստ, ինչը մի անհայտ տպագրիչի կողմից տարբեր տառատեսակների օրինակների գիրք ստեղծելու ջանքերի արդյունք է: Այս տեքստը ոչ միայն կարողացել է գոյատևել հինգ դարաշրջան, այլև ներառվել է էլեկտրոնային տպագրության մեջ` մնալով էապես անփոփոխ: Այն հայտնի է դարձել 1960-ականներին Lorem Ipsum բովանդակող Letraset էջերի թողարկման արդյունքում, իսկ ավելի ուշ համակարգչային տպագրության այնպիսի ծրագրերի թողարկման հետևանքով, ինչպիսին է Aldus PageMaker-ը, որը ներառում է Lorem Ipsum-ի տարատեսակներ:', 4, 4, 40000, '1'),
(52, 'Ապրանք №8', 'Ապրանք №8', 'Ապրանք №8', '8.jpg', 'Lorem Ipsum-ը տպագրության և տպագրական արդյունաբերության համար նախատեսված մոդելային տեքստ է: Սկսած 1500-ականներից` Lorem Ipsum-ը հանդիսացել է տպագրական արդյունաբերության ստանդարտ մոդելային տեքստ, ինչը մի անհայտ տպագրիչի կողմից տարբեր տառատեսակների օրինակների գիրք ստեղծելու ջանքերի արդյունք է:', 'Lorem Ipsum-ը տպագրության և տպագրական արդյունաբերության համար նախատեսված մոդելային տեքստ է: Սկսած 1500-ականներից` Lorem Ipsum-ը հանդիսացել է տպագրական արդյունաբերության ստանդարտ մոդելային տեքստ, ինչը մի անհայտ տպագրիչի կողմից տարբեր տառատեսակների օրինակների գիրք ստեղծելու ջանքերի արդյունք է: Այս տեքստը ոչ միայն կարողացել է գոյատևել հինգ դարաշրջան, այլև ներառվել է էլեկտրոնային տպագրության մեջ` մնալով էապես անփոփոխ: Այն հայտնի է դարձել 1960-ականներին Lorem Ipsum բովանդակող Letraset էջերի թողարկման արդյունքում, իսկ ավելի ուշ համակարգչային տպագրության այնպիսի ծրագրերի թողարկման հետևանքով, ինչպիսին է Aldus PageMaker-ը, որը ներառում է Lorem Ipsum-ի տարատեսակներ:', 4, 4, 40000, '1'),
(53, 'Ապրանք №9', 'Ապրանք №9', 'Ապրանք №9', '9.jpg', 'Lorem Ipsum-ը տպագրության և տպագրական արդյունաբերության համար նախատեսված մոդելային տեքստ է: Սկսած 1500-ականներից` Lorem Ipsum-ը հանդիսացել է տպագրական արդյունաբերության ստանդարտ մոդելային տեքստ, ինչը մի անհայտ տպագրիչի կողմից տարբեր տառատեսակների օրինակների գիրք ստեղծելու ջանքերի արդյունք է:', 'Lorem Ipsum-ը տպագրության և տպագրական արդյունաբերության համար նախատեսված մոդելային տեքստ է: Սկսած 1500-ականներից` Lorem Ipsum-ը հանդիսացել է տպագրական արդյունաբերության ստանդարտ մոդելային տեքստ, ինչը մի անհայտ տպագրիչի կողմից տարբեր տառատեսակների օրինակների գիրք ստեղծելու ջանքերի արդյունք է: Այս տեքստը ոչ միայն կարողացել է գոյատևել հինգ դարաշրջան, այլև ներառվել է էլեկտրոնային տպագրության մեջ` մնալով էապես անփոփոխ: Այն հայտնի է դարձել 1960-ականներին Lorem Ipsum բովանդակող Letraset էջերի թողարկման արդյունքում, իսկ ավելի ուշ համակարգչային տպագրության այնպիսի ծրագրերի թողարկման հետևանքով, ինչպիսին է Aldus PageMaker-ը, որը ներառում է Lorem Ipsum-ի տարատեսակներ:', 1, 1, 40000, '1'),
(54, 'Ապրանք №10', 'Ապրանք №10', 'Ապրանք №10', '10.jpg', 'Lorem Ipsum-ը տպագրության և տպագրական արդյունաբերության համար նախատեսված մոդելային տեքստ է: Սկսած 1500-ականներից` Lorem Ipsum-ը հանդիսացել է տպագրական արդյունաբերության ստանդարտ մոդելային տեքստ, ինչը մի անհայտ տպագրիչի կողմից տարբեր տառատեսակների օրինակների գիրք ստեղծելու ջանքերի արդյունք է:', 'Lorem Ipsum-ը տպագրության և տպագրական արդյունաբերության համար նախատեսված մոդելային տեքստ է: Սկսած 1500-ականներից` Lorem Ipsum-ը հանդիսացել է տպագրական արդյունաբերության ստանդարտ մոդելային տեքստ, ինչը մի անհայտ տպագրիչի կողմից տարբեր տառատեսակների օրինակների գիրք ստեղծելու ջանքերի արդյունք է: Այս տեքստը ոչ միայն կարողացել է գոյատևել հինգ դարաշրջան, այլև ներառվել է էլեկտրոնային տպագրության մեջ` մնալով էապես անփոփոխ: Այն հայտնի է դարձել 1960-ականներին Lorem Ipsum բովանդակող Letraset էջերի թողարկման արդյունքում, իսկ ավելի ուշ համակարգչային տպագրության այնպիսի ծրագրերի թողարկման հետևանքով, ինչպիսին է Aldus PageMaker-ը, որը ներառում է Lorem Ipsum-ի տարատեսակներ:', 1, 1, 40000, '1');

-- --------------------------------------------------------

--
-- Структура таблицы `types`
--

CREATE TABLE IF NOT EXISTS `types` (
  `type_id` int(2) unsigned NOT NULL,
  `type_name` varchar(255) NOT NULL,
  `in_header` enum('0','1','2','3','4') NOT NULL DEFAULT '0'
) ENGINE=InnoDB AUTO_INCREMENT=8 DEFAULT CHARSET=utf8;

--
-- Дамп данных таблицы `types`
--

INSERT INTO `types` (`type_id`, `type_name`, `in_header`) VALUES
(1, 'Խողովակային Ամրակներ', '1'),
(2, 'Ճնշման չափիչներ', '2'),
(3, 'Եռակցման Գործիքներ', '3'),
(4, 'Մոնտաժային Սարքեր', '4'),
(5, 'Էլեկտրական Սարքեր', '0'),
(6, 'Շինարարական Նյութեր', '0'),
(7, 'Այլ Սարքավորումներ', '0');

-- --------------------------------------------------------

--
-- Структура таблицы `users`
--

CREATE TABLE IF NOT EXISTS `users` (
  `user_id` int(2) unsigned NOT NULL,
  `user_login` varchar(255) NOT NULL,
  `user_pass` varchar(32) NOT NULL
) ENGINE=InnoDB AUTO_INCREMENT=2 DEFAULT CHARSET=utf8;

--
-- Дамп данных таблицы `users`
--

INSERT INTO `users` (`user_id`, `user_login`, `user_pass`) VALUES
(1, 'G-Corp', '8ef2d4fb7b7ed53a30d53d36f0f1e750');

--
-- Индексы сохранённых таблиц
--

--
-- Индексы таблицы `brands`
--
ALTER TABLE `brands`
  ADD PRIMARY KEY (`brand_id`);

--
-- Индексы таблицы `fealtures`
--
ALTER TABLE `fealtures`
  ADD PRIMARY KEY (`fealtures_id`);

--
-- Индексы таблицы `news`
--
ALTER TABLE `news`
  ADD PRIMARY KEY (`news_id`);

--
-- Индексы таблицы `pages`
--
ALTER TABLE `pages`
  ADD PRIMARY KEY (`page_id`);

--
-- Индексы таблицы `products`
--
ALTER TABLE `products`
  ADD PRIMARY KEY (`product_id`), ADD FULLTEXT KEY `fulltext` (`product_title`,`product_content`);

--
-- Индексы таблицы `types`
--
ALTER TABLE `types`
  ADD PRIMARY KEY (`type_id`);

--
-- Индексы таблицы `users`
--
ALTER TABLE `users`
  ADD PRIMARY KEY (`user_id`);

--
-- AUTO_INCREMENT для сохранённых таблиц
--

--
-- AUTO_INCREMENT для таблицы `brands`
--
ALTER TABLE `brands`
  MODIFY `brand_id` int(2) unsigned NOT NULL AUTO_INCREMENT,AUTO_INCREMENT=13;
--
-- AUTO_INCREMENT для таблицы `fealtures`
--
ALTER TABLE `fealtures`
  MODIFY `fealtures_id` int(6) unsigned NOT NULL AUTO_INCREMENT;
--
-- AUTO_INCREMENT для таблицы `news`
--
ALTER TABLE `news`
  MODIFY `news_id` int(6) unsigned NOT NULL AUTO_INCREMENT,AUTO_INCREMENT=5;
--
-- AUTO_INCREMENT для таблицы `pages`
--
ALTER TABLE `pages`
  MODIFY `page_id` int(3) unsigned NOT NULL AUTO_INCREMENT,AUTO_INCREMENT=4;
--
-- AUTO_INCREMENT для таблицы `products`
--
ALTER TABLE `products`
  MODIFY `product_id` int(5) unsigned NOT NULL AUTO_INCREMENT,AUTO_INCREMENT=55;
--
-- AUTO_INCREMENT для таблицы `types`
--
ALTER TABLE `types`
  MODIFY `type_id` int(2) unsigned NOT NULL AUTO_INCREMENT,AUTO_INCREMENT=8;
--
-- AUTO_INCREMENT для таблицы `users`
--
ALTER TABLE `users`
  MODIFY `user_id` int(2) unsigned NOT NULL AUTO_INCREMENT,AUTO_INCREMENT=2;
/*!40101 SET CHARACTER_SET_CLIENT=@OLD_CHARACTER_SET_CLIENT */;
/*!40101 SET CHARACTER_SET_RESULTS=@OLD_CHARACTER_SET_RESULTS */;
/*!40101 SET COLLATION_CONNECTION=@OLD_COLLATION_CONNECTION */;
